category,issue_description,ticket_number
Delayed Delivery,"Delayed delivery issues can arise from various factors, including routing problems, unforeseen circumstances, vehicle breakdowns, and weather conditions. These situations can lead to packages being marked as ""out for delivery"" but not received, or stuck in transit for extended periods with no estimated time of arrival. In some cases, there may be a lack of communication from the company regarding the delay.

To address these issues, companies can implement real-time tracking systems to keep customers informed of their package's location and estimated delivery time. Additionally, investing in robust routing software and maintaining vehicles can help prevent delays due to routing issues and vehicle breakdowns. In cases of weather-related delays, companies can provide customers with alternative delivery options or compensation for the inconvenience.

Overall, proactive communication, investment in technology, and contingency planning can help mitigate delayed delivery issues and improve customer satisfaction.",ff92972
Delayed Delivery,"Issue: Prolonged package inactivity at sorting facility, leading to Delayed Delivery. 

Analysis: The primary concern is the extended dwell time of packages at sorting facilities, which causes significant delivery delays. This issue may be attributed to several factors, including inefficient sorting processes, staffing shortages, or logistical challenges in transportation.

Potential Resolution: To address this problem, a comprehensive review of the sorting facility's operations is recommended. This review should identify bottlenecks in the sorting process and evaluate staffing levels and resource allocation. Implementing automated sorting systems or optimizing transportation routes may also help reduce package dwell time and expedite delivery.

Next Steps: Begin by conducting a thorough assessment of the sorting facility's operations. Engage with staff to understand their perspectives and gather insights. Based on the findings, develop a plan to improve sorting efficiency, address staffing needs, and optimize transportation. Monitor the implementation of these changes and evaluate their impact on package dwell time and delivery speed.",4107dfa
Delayed Delivery,"Delayed Delivery: An In-depth Analysis of Common Issues and Potential Resolutions

1. Extended delay at distribution center: This may be due to inefficiencies in sorting or scanning processes, or unforeseen logistical challenges. Implementing advanced automation technologies and improving operational workflows can help expedite package processing.

2. Delivery truck delayed en route: Factors such as traffic, road conditions, or vehicle malfunctions can cause delays. Real-time traffic updates, regular vehicle maintenance, and optimized routing can minimize these occurrences.

3. Package held up in customs: Delays may arise from insufficient documentation, customs inspections, or duty payment issues. Ensuring accurate and complete customs paperwork can expedite the clearance process.

4. Unanticipated delivery route changes: Factors like weather, construction, or accidents can disrupt routes. Advanced route planning and real-time traffic updates can help drivers navigate around obstacles.

5. Delay due to insufficient staffing: Peak seasons or unexpected absences can strain resources. Implementing flexible staffing models and cross-training employees can",258b325
Delayed Delivery,"Issue: Prolonged package inactivity at hub due to insufficient staffing and unforeseen delivery route changes. This has resulted in no delivery progress updates, delayed delivery with no ETA, and packages being held up in customs or misplaced during transit.

Analysis: The primary cause of these delays appears to be staffing shortages and unexpected route changes, which have led to a backlog of packages at the hub. This has caused a ripple effect, leading to further delays and a lack of visibility into the delivery process.

Potential Resolution: To address these issues, it is recommended that the company increase staffing levels at the hub and implement a more robust system for managing delivery routes. This could include real-time tracking and communication tools to keep customers informed of any changes or delays. Additionally, the company should consider implementing a process for regularly auditing packages in transit to prevent misplacement and ensure timely delivery.",45a31ce
Shipping Partner Conflict,"In recent operations, several issues have emerged with our shipping partners. These include frequent delays in transit, mishandling of packages, erroneous invoicing, inability to accommodate oversized cargo, unresponsive communication channels, failure to provide required documentation, unavailability during critical shipping windows, and personnel lacking proper training. These problems have resulted in delays in warehouse operations and inconsistent delivery times.

The root causes of these issues may include inadequate training, poor communication, and insufficient resources. To address these challenges, we recommend implementing a comprehensive training program for partner personnel, establishing clear communication protocols, and investing in additional resources to ensure timely and efficient shipping. Regular audits of partner performance and invoicing practices may also help to identify and resolve any ongoing issues. By taking these steps, we can improve our shipping operations and strengthen our relationships with our partners.",8d7c5fd
Shipping Partner Conflict,"Shipping Partner Conflict: Inconsistent delivery times, failure to pick up shipments, damaged packages, vehicle breakdowns, unprofessional behavior, invoicing discrepancies, inability to handle special cargo, communication issues, non-compliance with regulations, and lack of availability during peak times have been reported.

These issues suggest a pattern of unreliable service and non-compliance with industry standards. The extent of the problems indicates a need for immediate action to prevent further disruptions and potential damage to the company's reputation.

Next steps:

1. Conduct a thorough review of the partnership agreement to identify any breaches and potential consequences.
2. Schedule a meeting with the partner to discuss the issues and seek resolutions.
3. Consider alternative partners if the current partner is unable or unwilling to address the problems.
4. Implement stricter monitoring and evaluation processes to ensure compliance with regulations and service level agreements.
5. Explore the possibility of in-house shipping capabilities to reduce reliance on external partners.",1dd27cf
Shipping Partner Conflict,"In recent interactions with our shipping partners, several issues have emerged that are causing disruptions in our supply chain. These include partners' vehicles frequently exceeding weight limits, personnel refusing to transport certain items, and delivery schedules clashing with ours. Additionally, partners' vehicles have caused damage to our facilities, and personnel have frequently changed pickup times, arrived with incomplete cargo, and lacked necessary equipment. Delivery times have also been inconsistent with agreements, and vehicles often arrive early, causing delays in loading and unloading.

These issues suggest a need for improved communication and coordination with our shipping partners. Potential resolutions could include establishing clearer guidelines for weight limits, transportable items, and delivery schedules, as well as providing additional training for personnel. Regular check-ins with partners could also help ensure that issues are addressed promptly and that both parties are aligned on expectations.",9e71c7f
Shipping Partner Conflict,"Shipping Partner Conflict: Detailed Issues Report

1. Frequent transit delays, potentially due to partners' vehicle management issues, causing disruptions in the supply chain.
2. Instances of package mishandling by partners' personnel, leading to damaged or lost goods, and customer dissatisfaction.
3. Inaccurate invoicing by the partner, resulting in financial discrepancies and administrative challenges.
4. Inability to handle special cargo, limiting the range of products that can be shipped and potentially affecting revenue.
5. Communication issues with the partner, causing misunderstandings and hindering efficient collaboration.
6. Non-compliance with regulations, posing legal risks and damaging the company's reputation.
7. Unavailability during peak times, straining resources and negatively impacting service levels.
8. Causing warehouse operation delays, reducing productivity and increasing costs.
9. Inconsistent delivery times, affecting customer satisfaction and trust.
10. Personnel lacking proper training, leading to errors and inefficiencies.

Potential Resolution:

Addressing these issues requires a comprehensive",36d608e
Shipping Partner Conflict,"Shipping Partner Conflict: Detailed Issues and Potential Resolution

The shipping partner has been consistently late in pickups, causing disruptions in the supply chain. Their vehicles frequently break down, leading to further delays and potential damage to packages. Personnel have been unresponsive to communication, and invoices have been inaccurate, causing financial strain. The partner is unable to handle hazardous materials, limiting shipping options. They have also violated transport regulations, posing legal risks. During high-volume periods, the partner is unavailable, and delivery times are inconsistent with estimates, causing customer dissatisfaction. Crossdock transfers have been delayed, impacting overall efficiency.

A potential resolution could be to re-evaluate the partnership and consider alternative shipping providers. Implementing stricter performance metrics and penalties for non-compliance could also encourage improvement. Additionally, providing training and resources to the partner's personnel may enhance their ability to handle hazardous materials and improve communication.",dfc5592
Shipping Fee Dispute,"Shipping Fee Disputes: An Analysis of Common Issues and Potential Resolutions

1. Weekend Shipping Fee Inconsistency: Disputes may arise due to varying weekend shipping rates. Resolution: Implement a clear, consistent weekend fee policy.

2. Holiday Surcharge: Fee disagreements can occur during holidays due to unexpected surcharges. Resolution: Communicate surcharge policies proactively to customers.

3. Remote Area Shipping Fee Discrepancy: Customers in remote areas may dispute fees due to higher costs. Resolution: Provide transparent information on remote area surcharges.

4. Dimensional Weight: Fee disagreements can stem from dimensional weight calculations. Resolution: Educate customers on dimensional weight and provide clear fee structures.

5. Hazardous Materials: Shipping fee disputes may occur for hazardous materials due to additional handling costs. Resolution: Clearly communicate hazardous materials fees and regulations.

6. Less-than-Truckload (LTL) Shipping: Fee discrepancies can arise in LTL shipping due to minimum weight requirements. Resolution:",b8d6ca7
Shipping Fee Dispute,"Shipping Fee Disputes: An Analysis of Common Issues and Potential Resolutions

1. Inconsistent shipping fee on weekends: This issue may arise due to varying weekend delivery policies among carriers. To resolve, standardize weekend delivery charges or clearly communicate differential pricing to customers.

2. Fee dispute due to holiday surcharge: Customers may object to holiday surcharges, especially if they're unexpected. To mitigate, provide advance notice of surcharges or consider absorbing them into the base shipping fee.

3. Discrepancy in shipping fee for remote areas: Remote locations often incur higher shipping costs. To address, offer transparent pricing that reflects actual costs or provide a flat-rate option for remote areas.

4. Fee disagreement caused by dimensional weight: Dimensional weight can lead to higher fees for lightweight but large items. To resolve, clearly communicate dimensional weight pricing and offer packaging suggestions to reduce size.

5. Shipping fee dispute for hazardous materials: Handling hazardous materials requires special care, leading to higher fees. To mitigate",a33a53b
Shipping Fee Dispute,"Issue: Mismatched shipping fees on mobile app and website.

The discrepancy in shipping fees displayed on the mobile app and website has resulted in customer confusion and complaints, leading to the ""Shipping Fee Dispute"" situation. This issue may be due to inconsistent updates or synchronization errors between the two platforms.

To resolve this problem, a thorough investigation of the pricing logic and update processes for both the mobile app and website is required. It is recommended to establish a unified pricing system or improve the synchronization mechanism to ensure consistent shipping fees across all platforms.

Next steps:

1. Investigate the root cause of the discrepancy.
2. Develop a unified pricing system or improve synchronization.
3. Test and validate the solution.
4. Communicate the resolution to affected customers.

By addressing this issue promptly, customer trust and satisfaction can be restored, avoiding further ""Shipping Fee Disputes.""",c1881a1
Shipping Fee Dispute,"Shipping Fee Dispute: A Comprehensive Analysis

1. Inconsistent Quoted Price: The invoice and receipt may display varying shipping fees, causing confusion and mistrust. To resolve, implement a real-time fee update system, ensuring quoted prices match the final invoice.

2. Undocumented Handling Fees: Customers may dispute fees due to undisclosed handling charges. To address, provide transparent fee breakdowns, including all handling fees, during the checkout process.

3. Fuel Surcharge Calculation: Discrepancies in fuel surcharge calculations can lead to fee disputes. To mitigate, utilize an accurate, up-to-date fuel surcharge calculation method, ensuring fairness and transparency.

4. Oversized Item Fee Calculation: Errors in calculating fees for oversized items can result in disputes. To prevent, employ a reliable dimension-based pricing system, accurately reflecting the actual shipping costs.

5. International Delivery Fees: Inaccurate fee calculations for international deliveries can cause disputes. To resolve, integrate a comprehensive international shipping fee calculator, considering all",482297e
Damaged Package,"Package in question exhibits several issues: severe creases, visible scratches, water stains, partial opening, crushing marks, rattling sound, broken seal, signs of rough treatment, and puncture marks. The label is also illegible or damaged. These problems suggest mishandling during transit, leading to potential damage to the contents.

A thorough inspection of the contents is necessary to assess the extent of the damage. If the contents are indeed damaged, it may be necessary to file a claim with the shipping company for compensation. Additionally, implementing stricter handling procedures and using more durable packaging materials may help prevent similar issues in the future.",0e39ba5
Damaged Package,"Package exhibits several issues, including deep indentations, visible scratches, water damage, partial opening, crushing marks, rattling sound, broken seal, signs of rough handling, and puncture marks. The label is also illegible or damaged. These issues suggest potential damage to the contents and may impact the package's integrity. It is recommended to inspect the contents carefully and document any damage for potential claims. The package may require repackaging or replacement depending on the extent of the damage. Additionally, it may be necessary to review handling procedures to prevent similar issues in the future.",332467b
Shipping Label Error,"Shipping Label Error Report:

1. Inconsistent label format: The label format varies across shipments, causing confusion and delays in processing. Recommend standardizing the label format for all shipments.
2. Mismatched shipment contents: The contents of the shipment do not match the description on the label. This can lead to incorrect handling and delivery. Recommend verifying the contents before shipping.
3. Outdated return address: The return address on the label is outdated, which can cause issues in case of returns. Recommend updating the return address to the current one.
4. Missing customs documents: For international shipments, customs documents are missing. This can lead to delays and fines. Recommend including all necessary customs documents.
5. Noncompliant label material: The label material does not meet carrier standards. Recommend using compliant label material to ensure durability and readability.
6. Mislabeling of hazardous materials: Hazardous materials are not properly labeled. This can lead to safety issues and fines. Recommend following hazardous material labeling regulations.
",d2ec250
Shipping Label Error,"Shipping Label Error Report:

Upon review, several issues were identified with the current shipping labels. These include incorrect recipient addresses, missing tracking numbers, illegible shipping labels, inaccurate package dimensions, outdated return addresses, absent customs documents, non-compliant label materials, mislabeled hazardous materials, and missing package orientation indicators. Additionally, some labels feature an outdated company logo.

These issues may lead to delivery delays, misdeliveries, or even safety hazards. To resolve these problems, it is recommended to update the recipient addresses, include tracking numbers, improve label legibility, ensure accurate package dimensions, update return addresses, include customs documents, use compliant label materials, correctly label hazardous materials, add package orientation indicators, and update the company logo on the labels. Regular audits and updates can help prevent similar issues in the future.",8a1b47c
Shipping Label Error,"Shipping Label Error Report:

1. Font size inconsistency: Verify printer settings and ensure compliance with shipping guidelines.
2. Missing label: Generate and affix a new label to the package.
3. Transposed digits: Verify tracking number accuracy and update if necessary.
4. Outdated contact information: Update company information in the label generation system.
5. Absent hazardous materials diamond label: Add the required label for compliance.
6. Fragile marking without proper labeling: Apply appropriate fragile labels to ensure proper handling.
7. Incorrect destination country: Confirm the shipping address and update the label if required.
8. Absent 'this side up' indicator: Add the indicator to ensure proper package orientation.
9. Outdated carrier logo: Update the logo in the label generation system.
10. Absent 'keep refrigerated' instruction: Add the instruction for proper package handling.

Potential resolution: Address each issue individually, ensuring compliance with shipping guidelines and proper package handling.",2416e67
Shipping Label Error,"Shipping Label Error Report:

1. Recipient address requires verification for accuracy.
2. Tracking number is either missing or illegible, necessitating a new label.
3. Label print quality is poor, with smudges affecting readability. Recommend reprinting.
4. Package weight and dimensions should be rechecked and updated if necessary.
5. Return address needs to be confirmed and updated if outdated or incorrect.
6. Customs information is absent or incorrect, requiring immediate attention.
7. Label material may not meet compliance standards. Suggest using approved materials.
8. Hazardous materials labeling appears incomplete or incorrect. Must be rectified before shipping.
9. Package orientation indicator is missing. Add appropriate markings for safe handling.
10. Company logo and contact information on the label are outdated. Update to current versions.

Potential resolution: Thoroughly review and address each issue to ensure compliance and successful delivery.",3b7c3fe
Shipping Label Error,"Shipping Label Error Report:

1. Recipient details are incorrect, leading to potential delivery issues. Resolution: Verify and update recipient information.
2. Tracking number is missing or illegible, hindering package tracking. Resolution: Ensure a clear and accurate tracking number on the label.
3. Label print is unclear or smudged, causing readability problems. Resolution: Use high-quality printers and label materials for clear and durable labels.
4. Package weight and dimensions are inaccurate, affecting shipping costs and delivery times. Resolution: Double-check and update package information before generating labels.
5. Return address is outdated or incorrect, causing return shipment problems. Resolution: Maintain up-to-date return address information.
6. Customs information is missing or incorrect, leading to customs delays or rejections. Resolution: Provide complete and accurate customs information for international shipments.
7. Label material does not comply with shipping regulations, potentially causing delivery issues. Resolution: Use compliant label materials for all shipments.
8. Hazardous materials are not properly",2e32bac
Shipping Label Error,"Shipping Label Error Report:

Several issues have been identified with the current shipping label format and process. These include inconsistent formatting, mismatched shipment contents and labels, outdated return addresses, and missing customs documentation. Additionally, there have been instances of noncompliant label material usage, mislabeling of hazardous materials, absence of package orientation indicators, outdated company logos, and lack of special handling instructions. These issues may result in delivery delays, returned shipments, and non-compliance with carrier standards.

To address these problems, it is recommended to establish a standardized shipping label format, ensure accurate shipment contents and label matching, update return addresses and company logos, and provide complete customs documentation. It is also crucial to use compliant label materials, correctly label hazardous materials, include package orientation indicators, and provide clear special handling instructions. Regular audits and employee training can help maintain compliance and prevent future errors.",8eb9c06
Shipping Route Change,"Shipping Route Change Issues:

1. Sudden route alterations and frequent changes cause significant delivery delays and disrupt schedules.
2. Inconsistent route assignments and inefficient changes lead to increased fuel usage and transportation costs.
3. Unplanned deviations from shipping paths and unauthorized modifications result in longer delivery times and raised expenses.
4. Inconsistent application of optimized routes contributes to the aforementioned problems.

Potential Resolution:

A comprehensive route management system could address these issues. This system should include:

- Regular route optimization based on real-time data
- Clear communication protocols for route changes
- Strict access controls for route modifications
- Monitoring and reporting tools to ensure consistent use of optimized routes

By implementing such a system, shipping companies can minimize route changes, reduce delays, and optimize fuel usage, ultimately leading to cost savings and improved delivery times.",fc31347
Shipping Route Change,"Shipping Route Change: Identified Issues and Proposed Resolutions

The identified issues related to shipping route changes include unanticipated alterations, frequent route changes causing delays, inconsistent assignment, and unauthorized modifications. These changes result in increased fuel costs, disrupted delivery schedules, elevated transportation expenses, and inefficient route changes negatively impacting delivery times.

To address these challenges, it is recommended to establish a robust route optimization and management system. This system should ensure consistent application of optimized shipping routes, minimize unauthorized alterations, and provide real-time visibility into route changes. Additionally, implementing a data-driven approach to route planning can help predict potential disruptions and enable proactive decision-making. Regular audits of shipping routes and costs can also help identify inefficiencies and opportunities for improvement.

In conclusion, a comprehensive approach to shipping route management can help mitigate the identified issues and improve overall delivery efficiency and cost-effectiveness.",f81eeb0
Shipping Route Change,"Shipping Route Change: Identified Issues and Potential Resolutions

The unpredictability and frequency of route changes during transit have led to significant delivery delays and disruptions in the supply chain. These changes have resulted in inconsistent route assignments, causing increased fuel consumption and higher transportation costs. Moreover, unauthorized alterations and inefficient route changes have negatively impacted delivery times and overall operational efficiency.

To address these challenges, it is crucial to establish a consistent and transparent route assignment process. This can be achieved by implementing an optimized routing system that minimizes deviations and fuel consumption. Additionally, real-time monitoring and alert systems can help detect and prevent unauthorized route changes, ensuring the integrity of the shipping process.

Furthermore, regular audits and evaluations of the routing system can help identify areas of improvement and ensure that the optimized routes are consistently applied. By addressing these issues, it is possible to enhance the efficiency, reliability, and cost-effectiveness of the shipping process.",5ae0e41
Shipping Route Change,"Shipping route changes have resulted in several challenges, including erratic variations, delivery delays, and increased fuel consumption. Inconsistent route assignments and unauthorized alterations have led to disruptions in delivery schedules and elevated transportation costs. Additionally, there have been instances of unplanned deviations from optimized routes, causing inefficiencies in the delivery process.

To address these issues, it is recommended to implement a more robust route management system that ensures consistent use of optimized routes. This system should minimize route changes unless necessary and monitor fuel consumption and transportation costs closely. Furthermore, it is essential to establish clear communication channels to ensure that all stakeholders are informed of any route changes in a timely manner to minimize delivery disruptions. By taking these steps, it is possible to resolve the current issues and improve the overall efficiency of the shipping process.",35f9f1b
Shipping Route Change,"Shipping Route Change Issues: A Comprehensive Analysis

The identified issues related to shipping route changes include unexpected alterations, frequent modifications, inconsistent assignments, increased fuel consumption, unexplained deviations, delivery schedule disruptions, inefficient changes, unauthorized alterations, and higher transportation costs. These problems may stem from inadequate route optimization, poor communication, or lack of adherence to established protocols.

To address these challenges, it is recommended to implement a robust route optimization system, ensure clear communication channels, and enforce strict compliance with approved shipping routes. Additionally, regular audits of route changes and their impact on delivery times and costs can help identify patterns and areas for improvement. By taking these steps, it is possible to minimize the negative impacts of shipping route changes and improve overall efficiency and profitability.",929ff03
Shipping Route Change,"Shipping Route Change: Identified Issues and Proposed Resolution

A comprehensive review of shipping operations has revealed several concerns related to route changes. These include sudden shifts mid-transit, frequent adjustments causing delays, inconsistent assignments, and unauthorized alterations. These changes have resulted in increased fuel usage, disrupted delivery schedules, and elevated transportation costs.

The root cause of these issues appears to be a lack of standardized procedures for route planning and modification. This inconsistency has led to inefficient route changes, negatively impacting delivery times and overall operational efficiency.

To address these challenges, we recommend implementing a centralized route management system. This system would ensure the consistent use of optimized routes, minimizing sudden changes and reducing fuel consumption. Additionally, establishing clear guidelines for route adjustments and communication protocols for unexpected deviations would help maintain delivery schedules and reduce disruptions.",3c85afd
Shipping Route Change,"Shipping Route Change: Identified Issues and Potential Resolutions

The current shipping route management exhibits several challenges, including abrupt route changes, frequent adjustments, and inconsistent allocation. These issues lead to delivery delays, increased fuel consumption, and inflated transportation costs. Unplanned deviations and unauthorized modifications also contribute to the disturbance of delivery schedules and inefficient route usage.

To address these concerns, a comprehensive review of the route change policy is necessary. This review should focus on promoting consistency, minimizing abrupt changes, and ensuring authorized modifications only. Implementing an optimized route allocation system, utilizing real-time data and predictive analytics, can help reduce fuel consumption and transportation costs.

Additionally, providing clear communication channels for reporting unauthorized modifications and establishing a feedback system for delivery personnel can help maintain the integrity of the shipping routes. Regular audits of the route change policy and its implementation can ensure continuous improvement and adaptation to changing circumstances.",574f556
Shipping Route Change,"Shipping Route Change Issues: A Comprehensive Analysis

The unforeseen shifts in shipping routes have led to a multitude of challenges, including frequent route changes causing delays, inconsistent route assignments, and unplanned deviations. These issues have resulted in increased fuel consumption, disrupted delivery schedules, and higher transportation costs. Moreover, there have been instances of inconsistent application of optimized shipping routes and unauthorized alterations, further exacerbating the problem.

To address these concerns, it is crucial to implement a robust route management system that can minimize route changes and ensure consistent application of optimized routes. This system should be capable of predicting potential route shifts and providing real-time updates to minimize delays and disruptions. Additionally, implementing strict protocols for route changes and monitoring unauthorized alterations can help maintain the integrity of the shipping routes. By taking these steps, it is possible to resolve the existing issues and ensure efficient and cost-effective shipping operations.",f7ce022
Shipping Route Change,"Shipping Route Change: Identified Issues and Potential Resolutions

The identified issues related to shipping route changes include unanticipated route changes during transit, frequent route modifications causing delays, inconsistent shipping route assignments, and unplanned deviations from shipping routes. These changes lead to increased fuel consumption, disruption of delivery schedules, inefficient route changes affecting delivery times, and higher transportation costs. Unauthorized shipping route alterations and inconsistent application of optimized shipping routes further exacerbate the problem.

To address these issues, a comprehensive review of the current route assignment and modification process is necessary. Implementing a more robust and consistent route optimization strategy, coupled with real-time monitoring and alert systems, can help minimize unplanned deviations and reduce the frequency of route changes. Additionally, establishing clear communication channels and protocols for authorized route modifications can help prevent unauthorized alterations and ensure timely delivery.",60474d9
Shipping Route Change,"Shipping Route Change Issues:

1. Unexplained mid-transit route shifts: These unexpected changes can lead to delays, increased fuel consumption, and disrupted delivery schedules.
2. Frequent route changes: The inconsistency in route assignments can cause delays and raise transportation costs.
3. Inconsistent use of optimized routes: This issue results in inefficient route changes, affecting delivery times and increasing fuel consumption.
4. Unauthorized shipping route alterations: These changes can lead to unanticipated deviations from shipping routes, causing disruptions in delivery schedules and raising transportation costs.
5. Route changes increasing fuel consumption: This problem can be attributed to the use of less efficient routes, leading to higher transportation costs.

Potential Resolution:

To address these issues, a comprehensive review of the route assignment and change protocols is necessary. Implementing a more transparent and consistent system for route changes, ensuring the use of optimized routes, and restricting unauthorized alterations can help improve delivery times, reduce fuel consumption, and lower transportation costs.",4c69041
Shipping Time Discrepancy,"Shipping Time Discrepancy: A Comprehensive Analysis

1. Delivery time deviates from estimate: This issue arises when actual delivery times do not align with projected estimates, causing customer dissatisfaction.

2. Unanticipated transit delays: Unexpected delays during transit, such as weather-related disruptions or logistical issues, can significantly impact delivery times.

3. Regional delivery time variations: Differences in delivery times across various regions can be attributed to factors like infrastructure, distance, and local regulations.

4. Packages delivered ahead of schedule: While seemingly positive, early deliveries can disrupt customers' plans and create inconsistencies in service quality.

5. Extended international shipping times: Cross-border deliveries often face prolonged transit times due to customs clearance, inspections, and longer distances.

6. Faulty package tracking data: Inaccurate or delayed tracking information can lead to confusion and mistrust among customers.

7. Delivery time falls short of expectations: When delivery times fail to meet customer expectations, it can result in negative feedback and potential loss of business.

",6447016
Missing Items,"Delivery Issue: Incomplete or Missing Items

The recipient has reported an issue with their delivery, stating that multiple items are absent from the shipment. This problem may be due to packaging errors, incorrect picking, or inventory management issues.

To address this concern, it is recommended to conduct an internal investigation to identify the root cause. This may involve reviewing CCTV footage, checking inventory records, and communicating with the warehouse team.

If the investigation confirms that the items were indeed missing from the shipment, the appropriate resolution would be to send the missing items to the recipient as soon as possible. Additionally, it may be necessary to review and improve the current packaging and picking processes to prevent similar issues from occurring in the future.

In the case of a tampered package, it is crucial to report the incident to the carrier and file a claim if necessary. It is also essential to review the security measures in place during the delivery process to prevent future incidents.

In all cases, it is crucial to maintain open communication with the",c41e822
Missing Items,"Subject: Shipment Issue - Missing Items and Potential Resolution

We have identified several instances where delivered packages contained fewer items than listed on the manifest, or items were entirely absent. This issue may be due to packaging errors, mishandling during transit, or incorrect delivery. To address this, we recommend implementing a rigorous quality control process during packaging and collaborating with logistics providers to ensure safe and accurate delivery. Additionally, it may be beneficial to review and update the packaging process to prevent tampering and ensure the security of the items during transit.",61b4312
Missing Items,"Issue: Incomplete delivery and missing items reported by the recipient. Tracking indicates delivery, but the recipient claims non-receipt. Partial orders received, with the rest missing. Packages delivered empty, open, or to the wrong address. Some recipients report seal tampering.

Potential resolution: Investigate delivery processes, including packaging, handling, and tracking. Verify delivery information and addresses. Consider additional security measures to prevent tampering. Communicate with recipients to confirm delivery and address concerns. Implement stricter quality control measures for order fulfillment and packaging. Consider insurance or replacement policies for missing or damaged items.",1565cda
Missing Items,"Subject: Issue Report - Delivery Discrepancies and Missing Items

We have identified several instances of delivery discrepancies, including partial deliveries, missing items, and packages delivered to incorrect addresses. These issues appear to be related to insufficient packaging, mishandling during transit, or errors in the shipping process.

To address these concerns, we recommend implementing the following steps:

1. Conduct a thorough investigation of the reported cases to identify the root causes.
2. Review and enhance packaging guidelines to ensure the security of items during transit.
3. Train logistics personnel on proper handling and shipping procedures.
4. Implement a robust tracking system to monitor packages from dispatch to delivery.
5. Establish a clear communication channel with recipients to promptly address any delivery issues.

By taking these actions, we can minimize delivery discrepancies and ensure customer satisfaction.",f8fac2d
Missing Items,"In recent deliveries, several discrepancies have been reported, including incomplete deliveries, missing items, and unsealed packages. In some instances, tracking information indicates delivery, but recipients claim otherwise. There are also cases where packages have been delivered to incorrect addresses or found empty. A few recipients have reported suspicions of tampered seals.

These issues suggest a pattern of problems related to missing items and package security. To address these concerns, it is recommended to conduct a thorough investigation of the delivery process, including packaging, transportation, and delivery confirmation. Additionally, it may be beneficial to implement stricter quality control measures and provide additional training to delivery personnel. A review of the inventory management system may also be necessary to ensure accuracy in order tracking and delivery.",0d04d39
Missing Items,"Issue: Incomplete delivery with missing items and potential tampering.

Description: A package has been delivered, but the recipient reports that it is incomplete and shows signs of tampering. The tracking information indicates a partial delivery, and the recipient claims that some items are missing from the order. There is a discrepancy between the delivery confirmation and the recipient's account.

Potential Resolution: It is recommended to investigate the delivery process, including the handling and transportation of the package. The shipper should verify the accuracy of the manifest and compare it with the delivered items. If tampering is suspected, it may be necessary to review security footage or consult with the carrier. The shipper should consider sending replacement items or issuing a refund to the recipient, depending on the outcome of the investigation.",6cf8a01
Missing Items,"Delivery Issue: Incomplete Shipment & Missing Items

A review of the delivery reveals several discrepancies between the ordered items and the received package. The shipment appears to have been partially delivered, with multiple items absent from the delivery. This issue is closely related to the category of 'Missing Items.'

Upon inspection, the delivered package was found empty, indicating a potential problem during the packaging or shipping process. The tracking information suggests that the package was delivered to an incorrect address, which could explain the missing items.

To resolve this issue, we recommend the following steps:

1. Verify the delivery address and ensure it matches the intended location.
2. Conduct an internal investigation to determine the cause of the missing items.
3. Provide the recipient with a full refund or replacement of the missing items.
4. Implement additional quality control measures to prevent similar issues in the future.

By addressing these concerns, we can ensure a more efficient and reliable delivery process, ultimately leading to increased customer satisfaction.",3166f7a
Missing Items,"Delivery issues have been reported, including missing items, unsealed packages, incorrect delivery locations, and disputes from recipients. These incidents suggest a pattern of problems related to package integrity and accuracy of delivery.

To address these concerns, a thorough investigation is recommended. This should include a review of delivery procedures, packaging processes, and tracking systems. It may also be necessary to examine the handling of packages at distribution centers and during transit.

Potential resolutions could involve implementing stricter quality control measures, providing additional training for delivery personnel, and upgrading tracking systems to ensure real-time visibility into package locations. Furthermore, it may be beneficial to establish a dedicated customer service team to handle delivery disputes and complaints, ensuring timely and effective resolution of issues.",ddaebc2
Package Delivery Issue,"Package Delivery Issue: Delayed notification of delivery, damaged package, incorrect address, missing items, failed delivery attempts, lost in transit, unauthorized refusal, wrong recipient, and undelivered package marked as delivered.

These issues suggest a breakdown in the delivery process, potentially due to logistical errors, handling mishaps, or communication failures. To resolve these problems, it's recommended to:

1. Investigate the root cause of each issue.
2. Implement corrective actions to prevent recurrence.
3. Communicate with the affected parties, providing updates and next steps.
4. Consider compensation or replacement for damaged or lost packages.
5. Review and update delivery protocols, training, and communication channels.

By addressing these concerns, package delivery services can improve customer satisfaction and operational efficiency.",3380a62
Package Delivery Issue,"Package Delivery Issues:

1. Incomplete package contents: This may be due to errors in packaging or inventory management. A potential resolution is to implement stricter quality control measures and improve inventory tracking.

2. Delayed delivery with no update: This could be caused by inefficiencies in the delivery process or lack of communication. Providing real-time tracking and regular updates to customers can help mitigate this issue.

3. Package delivered to incorrect location: This may be a result of human error or system glitches. Implementing a more robust address verification system can prevent such mistakes.

4. Recipient unable to refuse unauthorized delivery: This could be addressed by providing customers with the option to verify and confirm deliveries before they are completed.

5. Package marked as delivered but not received: This may be due to miscommunication between the delivery personnel and the system. Regular training and updates for delivery personnel can help resolve this.

6. Delivery vehicle breakdown causing delay: Regular maintenance and updates of delivery vehicles can help prevent breakdowns and ensure",f294090
Package Delivery Issue,"Issue: Late package arrival due to traffic congestion and delivery vehicle involved in an accident causing delay. Potential resolution: Implement real-time traffic monitoring and route optimization systems to mitigate delays. Develop contingency plans for accidents, such as backup vehicles or alternative delivery methods.

Issue: Package contents partially missing. Potential resolution: Investigate packaging processes and handling procedures to ensure the integrity of package contents. Implement stricter quality control measures and provide additional training to staff.

Issue: Delivery to an outdated address. Potential resolution: Regularly update and verify customer address information. Implement a confirmation system for delivery addresses.

Issue: Recipient unavailability leading to delivery failure. Potential resolution: Offer flexible delivery options, such as rescheduling or alternative pickup locations. Encourage customers to provide delivery instructions for instances when they are not available.

Issue: Package delayed due to sorting errors. Potential resolution: Improve sorting automation and quality control measures. Provide additional training to staff responsible for sorting and handling packages.

Issue: Delivery delayed due to peak season volume.",1af6408
Shipping Label Error,"Shipping Label Error Report:

1. Inconsistent format of shipping labels: This issue may arise due to the use of multiple label templates or non-compliance with carrier-specific design standards. To resolve this, implement a standardized label format and ensure adherence to carrier guidelines.

2. Mismatched shipment contents and label description: This problem can be addressed by improving the accuracy of order picking and packing processes, as well as implementing a quality control check before shipment.

3. Outdated or incorrect return address on label: Regularly update and verify return address information in the shipping system to prevent this issue.

4. Absence of required customs documentation: Ensure that the shipping system is configured to generate necessary customs documents for international shipments.

5. Use of non-compliant label materials: Switch to carrier-approved label materials to avoid potential delivery issues.

6. Incorrectly labeled hazardous materials: Provide training to staff on proper hazardous materials labeling and handling procedures.

7. Missing required package orientation indicators: Update the shipping system to automatically",089cab6
Shipping Label Error,"Shipping Label Error Report:

1. Recipient address mismatch: The shipping label displays an incorrect recipient address, causing delivery to the wrong location. Resolution: Verify the correct address and generate a new label.
2. Missing shipment tracking number: The absence of a tracking number hinders package monitoring. Resolution: Ensure tracking numbers are included in future labels.
3. Illegible or smudged label: The label's text is difficult to read, risking misinterpretation. Resolution: Print labels clearly and use smudge-proof materials.
4. Inaccurate weight or dimensions: The listed package weight and dimensions are incorrect, leading to potential delivery issues. Resolution: Double-check measurements before creating labels.
5. Incorrect delivery date for time-sensitive shipments: The label indicates an incorrect delivery date, causing delays. Resolution: Confirm delivery dates and communicate with shipping carriers.
6. Incomplete or missing sender information: The label lacks essential sender details, complicating returns or inquiries. Resolution: Include complete sender information on",24daab5
Shipping Label Error,"Shipping Label Error Report:

Upon review, several issues were identified with the current shipping labels. These include inaccurate recipient addresses, missing tracking numbers, smudged or illegible labels, incorrect package dimensions, outdated return addresses, absent customs documentation, noncompliant label materials, mislabelled hazardous materials, and missing package orientation indicators. Additionally, some labels feature outdated company logos.

These issues may lead to delivery delays, misdeliveries, or non-compliance with shipping regulations. To resolve these problems, it is recommended to update the recipient addresses, include tracking numbers, ensure label legibility, verify package dimensions, update return addresses, provide customs documentation, use compliant label materials, accurately label hazardous materials, include package orientation indicators, and update company logos on all labels. Regular audits and quality checks can help prevent similar issues in the future.",262f231
Damaged Package,"Package exhibits multiple signs of damage, including deep scratches, crushed corners, torn wrapping, dented edges, loose contents, stained exterior, torn flap, bent sides, dirty markings, and tampered tape. These issues suggest rough handling during transit, exposure to harsh conditions, or improper storage. The extent of the damage may compromise the package's contents, necessitating a thorough inspection. To mitigate potential losses, it is recommended to review handling procedures, reinforce packaging materials, and consider using shock and vibration indicators for sensitive items. Additionally, implementing a quality control process to inspect packages before dispatch can help reduce the likelihood of damage.",865f61e
Damaged Package,"Package exhibits several issues, including deep indentations, visible scratches, water damage, partial opening, crushing marks, rattling sound, broken seal, signs of rough handling, and puncture marks. The label is also illegible or damaged. These issues suggest potential damage to the contents and may impact the package's integrity. It is recommended to inspect the contents carefully and document any damage for insurance or replacement purposes. The package's handling should be improved to prevent similar issues in the future, including better protection, waterproofing, and careful handling. The seal should be intact, and the label should be clear and legible.",7b11859
Damaged Package,"Subject: Detailed Inspection Report - Package Damage

Upon thorough examination, the package exhibits several issues:

1. Gouges on the exterior, indicating rough handling during transit.
2. Contents shifted or misaligned, suggesting insufficient internal protection.
3. Frayed edges, possibly due to wear and tear from previous usage.
4. Bent corners, potentially from impact or pressure during delivery.
5. Torn lining, possibly caused by sharp or heavy items inside the package.
6. Stained interior, indicating possible exposure to moisture or contaminants.
7. Loose tape, suggesting inadequate sealing or adhesive failure.
8. Dented bottom, possibly from dropping or stacking heavy items on top.
9. Smudged markings, potentially obscuring important package information.
10. Tampered packaging, raising concerns about the package's integrity and security.

To address these issues, we recommend:

1. Reinforcing the package exterior with durable materials.
2. Improving internal protection with cushioning or bracing.
3. Re",d4ea202
Damaged Package,"Issue: Package exhibits multiple signs of damage, including deep gashes, scuffed contents, water marks, partial tearing, impact marks, loose items, tampered seal, signs of mishandling, and puncture wounds. The address label is also illegible.

Next steps: A thorough inspection of the contents is recommended to assess the extent of the damage. Photographs of the package and its contents should be taken for documentation purposes. The sender should be notified of the condition of the package and provided with the documentation. If the contents are insured, a claim should be filed with the carrier. In the future, consider using more durable packaging materials and clearly printing the address label to minimize the risk of damage and misdelivery.",8cf9ddd
Damaged Package,"Upon initial inspection, the package in question exhibits several issues that warrant attention. The package is severely dented, with visible damage to its contents. There are signs of water damage, and the package appears to have been torn open. Additionally, the package shows evidence of rough handling, with puncture holes and broken seals. The label is missing or damaged, making it difficult to identify the package's contents or destination.

Given the extent of the damage, it is recommended that the package be carefully examined to assess the condition of its contents. If the contents are found to be damaged, it may be necessary to file a claim with the shipping carrier. It is also recommended that the packaging process be reviewed to prevent similar incidents in the future.",1a4d578
Damaged Package,"Upon inspection of the package, several issues were identified. The package is severely dented, with visible damage to the contents. There are signs of water damage, and the package appears to have been torn open. The package shows evidence of rough handling, with puncture holes and crushing marks. Additionally, the package's seals are broken, and the label is missing or damaged. The contents are rattling inside, indicating potential further damage. Given these findings, it is recommended to document the damage, take photographs for evidence, and report the issue to the relevant authorities or the sender for further action. A potential resolution could involve filing a claim for damaged goods and requesting a replacement or refund.",20ebb4a
Incorrect Delivery Address,"Address validation issues identified include: ambiguous street name, incomplete rural route number, nonexistent city, incorrect state/province, delivery to PO box not permitted, address label damaged, address not found in database, multiple addresses with same house number, outdated or renamed street name, and delivery to vacant or unoccupied property. These issues may lead to incorrect delivery addresses, causing delays or failed deliveries. To resolve these issues, it is recommended to verify and update the address information, use complete and accurate rural route numbers, ensure the city and state/province are correct, avoid using PO boxes if not permitted, use clear and durable address labels, and maintain an up-to-date address database. Additionally, it may be necessary to confirm the occupancy status of the property and use the most recent street names.",fbd154c
Incorrect Delivery Address,"The delivery address provided contains several discrepancies that may hinder successful delivery. The street name appears to be mismatched, and the city name is incorrect. Additionally, the address includes a rural route number that is undeliverable and a house number that does not exist. The address is missing an apartment number, which may cause confusion in a multi-unit building. In an international context, the country name provided is incorrect. The address also contains typos and a nonexistent zip code. Furthermore, the address includes a closed or nonexistent business. These issues may be resolved by verifying the accuracy of the address, correcting any typos, and ensuring that all necessary information, such as apartment numbers and correct city and country names, are included.",7b3b286
Incorrect Delivery Address,"Address-related issues in delivery confirmation can include incomplete or mismatched addresses, address changes after dispatch, incorrect postal codes, undeliverable addresses, damaged address labels, GPS non-recognition, multiple addresses for one delivery, PO box usage, and non-standard address formats. These problems can lead to delayed or failed deliveries, customer dissatisfaction, and increased costs. To resolve these issues, it is recommended to implement address validation and verification processes during order placement, use GPS tracking for deliveries, train staff to handle address changes, and encourage customers to provide complete and accurate address information. Additionally, using standardized address formats and verifying address legitimacy can help prevent delivery failures.",282ec0f
Incorrect Delivery Address,"Address-related delivery issues can lead to delays, failed deliveries, and customer dissatisfaction. Common problems include incomplete or incorrect addresses, non-standard formats, typos, and ambiguous information. Rural route numbers, apartment numbers, and zip codes may also be incomplete or incorrect, leading to delivery challenges. International deliveries can be affected by incorrect country names or nonexistent zip codes. In some cases, the address may include a closed or nonexistent business, or the street name may be ambiguous or mismatched. GPS systems may not recognize the address, or multiple addresses may be listed for one delivery. Potential resolutions include implementing address validation tools, encouraging customers to provide complete and accurate information, and training staff to recognize and correct common address issues.",fec59eb
Shipping Time Discrepancy,"Shipping Time Discrepancy: A Comprehensive Analysis

1. Delivery time mismatch with estimate: This issue arises when actual delivery times fail to align with projected estimates, causing customer dissatisfaction.

2. Unforeseen transit delays: External factors such as weather, traffic, or logistical challenges can cause unforeseen delays, impacting delivery times.

3. Variable delivery times across regions: Differences in infrastructure, distance, and carrier performance can lead to inconsistent delivery times between regions.

4. Early package arrivals: While seemingly positive, early arrivals can disrupt customer schedules and expectations, causing inconvenience.

5. Lengthy international shipping times: Customs clearance, longer transit distances, and varying regulations can prolong international shipping times.

6. Incorrect tracking information: Inaccurate tracking data can cause confusion and mistrust among customers, negatively impacting their experience.

7. Delivery time not meeting customer needs: Insufficient alignment between delivery times and customer availability can result in failed deliveries and dissatisfaction.

8. Inconsistent carrier delivery performance: Variations in",58d6d3a
Shipping Time Discrepancy,"Shipping Time Discrepancy is a complex issue that encompasses various problems, including disparate delivery and estimated times, transit delays without apparent cause, and regional delivery time inconsistencies. Packages arriving ahead of schedule and extended wait for international shipments also contribute to this problem. Erroneous package tracking information and delivery time failing to meet expectations further exacerbate the situation. Carrier-specific delivery performance variability, undocumented package delays, and slow delivery during non-peak hours are also significant concerns.

To address these issues, a comprehensive approach is necessary. This may include improving tracking systems, optimizing delivery routes, and enhancing communication with customers. Additionally, establishing consistent performance standards across carriers and addressing regional disparities may help reduce shipping time discrepancies. Further investigation is required to identify the root causes of these problems and develop targeted solutions.",c81f3b7
Shipping Time Discrepancy,"Shipping Time Discrepancy: A Comprehensive Analysis

1. Erratic delivery timeframes: Unpredictable delivery schedules cause customer dissatisfaction and operational challenges.
2. Unexplained delivery delays: Lack of transparency in delivery processes leads to customer frustration and trust issues.
3. Variable delivery durations across zones: Inconsistent delivery speeds across regions result in uneven service levels.
4. Premature package arrivals: Early deliveries may indicate inefficiencies in scheduling and resource allocation.
5. Prolonged international shipping waits: Extended transit times for international shipments negatively impact customer experience and business growth.
6. Misleading package tracking data: Inaccurate tracking information causes customer confusion and erodes trust.
7. Delivery timeframes falling short of expectations: Failure to meet promised delivery timelines affects customer loyalty and brand reputation.
8. Inconsistent carrier delivery performance: Variations in carrier performance lead to unreliable service and customer complaints.
9. Undisclosed package delays: Hidden delays in delivery processes hinder customer communication and problem resolution.
10",e9ab894
Shipping Time Discrepancy,"Shipping Time Discrepancy is a complex issue that encompasses various problems, including inconsistent delivery time estimates, unexplained transit delays, and regional delivery time disparities. Other related concerns are packages arriving before the scheduled time, lengthy international shipment waits, and inaccurate package tracking details. Customers also express dissatisfaction with delivery times not meeting their standards, and there are variable delivery performances by carriers and undeclared package delivery delays. Slow delivery rates during off-peak periods are another area of concern. To address these issues, a comprehensive review of the shipping process, from packaging to delivery, is necessary. This review should identify bottlenecks, inefficiencies, and areas for improvement. Additionally, implementing real-time tracking and communication with customers can help manage expectations and improve satisfaction.",33b4b9c
Shipping Time Discrepancy,"Shipping Time Discrepancy: A Comprehensive Analysis

1. Delivery time not matching estimated arrival: This issue may arise due to inaccurate data input or unforeseen circumstances during transit. Potential resolution: Implement real-time tracking and update estimated arrival times accordingly.

2. Unexpected delays in transit: These delays can be caused by various factors, such as weather conditions, traffic, or logistical issues. Potential resolution: Improve communication with carriers and develop contingency plans for known delay factors.

3. Inconsistent delivery times across regions: This problem may be due to regional infrastructure differences or carrier performance variability. Potential resolution: Analyze regional data to identify patterns and collaborate with carriers to address inconsistencies.

4. Packages arriving earlier than scheduled: While seemingly positive, this issue can disrupt customer expectations and logistics planning. Potential resolution: Refine delivery time estimations and communicate changes to customers promptly.

5. Long wait times for international shipments: Customs clearance and international shipping regulations can cause delays. Potential resolution: Collaborate with customs brokers and",78cd53f
